﻿{"cameraMode":{"drawMode":0,"name":"Shaded","section":"Shading Mode"},"sceneLighting":true,"audioPlay":false,"sceneViewState":{"showFog":true,"showMaterialUpdate":false,"showSkybox":true,"showFlares":true,"showImageEffects":true,"showParticleSystems":true},"in2DMode":false,"pivot":{"x":0.155617356300354,"y":-1.9641575813293458,"z":1.1880733966827393},"rotation":{"x":-0.6317080855369568,"y":-0.028588343411684037,"z":0.02332269214093685,"w":-0.7743279337882996},"size":13.327184677124024,"orthographic":false}